{
  "Post /index.php(click on add to cart)" : {
    "transaction" : "Post /index.php(click on add to cart)",
    "sampleCount" : 122,
    "errorCount" : 0,
    "errorPct" : 0.0,
    "meanResTime" : 3662.2213114754104,
    "medianResTime" : 3379.5,
    "minResTime" : 1142.0,
    "maxResTime" : 6898.0,
    "pct1ResTime" : 5692.3,
    "pct2ResTime" : 6066.75,
    "pct3ResTime" : 6800.479999999999,
    "throughput" : 0.41282463412570847,
    "receivedKBytesPerSec" : 0.8523265005075713,
    "sentKBytesPerSec" : 0.31338560612469335
  },
  "GET index.php?controller=order(click on proceed to checkout)" : {
    "transaction" : "GET index.php?controller=order(click on proceed to checkout)",
    "sampleCount" : 24,
    "errorCount" : 0,
    "errorPct" : 0.0,
    "meanResTime" : 5569.958333333332,
    "medianResTime" : 4935.0,
    "minResTime" : 2549.0,
    "maxResTime" : 8594.0,
    "pct1ResTime" : 7845.0,
    "pct2ResTime" : 8425.75,
    "pct3ResTime" : 8594.0,
    "throughput" : 0.09527401202834401,
    "receivedKBytesPerSec" : 4.878606270220916,
    "sentKBytesPerSec" : 0.0618102558504198
  },
  "GET /" : {
    "transaction" : "GET /",
    "sampleCount" : 27,
    "errorCount" : 0,
    "errorPct" : 0.0,
    "meanResTime" : 7157.7037037037035,
    "medianResTime" : 6837.0,
    "minResTime" : 4055.0,
    "maxResTime" : 9723.0,
    "pct1ResTime" : 9634.8,
    "pct2ResTime" : 9690.6,
    "pct3ResTime" : 9723.0,
    "throughput" : 0.08662453078379158,
    "receivedKBytesPerSec" : 6.9871983180403605,
    "sentKBytesPerSec" : 0.06420704967275177
  },
  "GET /index.php?controller=order&step=1(click on proceed to checkout again)-0" : {
    "transaction" : "GET /index.php?controller=order&step=1(click on proceed to checkout again)-0",
    "sampleCount" : 24,
    "errorCount" : 0,
    "errorPct" : 0.0,
    "meanResTime" : 3464.166666666668,
    "medianResTime" : 3243.0,
    "minResTime" : 988.0,
    "maxResTime" : 5894.0,
    "pct1ResTime" : 5468.0,
    "pct2ResTime" : 5846.5,
    "pct3ResTime" : 5894.0,
    "throughput" : 0.09670478446921162,
    "receivedKBytesPerSec" : 0.049296774895437954,
    "sentKBytesPerSec" : 0.06339955596386465
  },
  "POST /index.php(choose address and proceed to checkout)" : {
    "transaction" : "POST /index.php(choose address and proceed to checkout)",
    "sampleCount" : 16,
    "errorCount" : 0,
    "errorPct" : 0.0,
    "meanResTime" : 6300.25,
    "medianResTime" : 6672.5,
    "minResTime" : 2307.0,
    "maxResTime" : 9620.0,
    "pct1ResTime" : 9118.800000000001,
    "pct2ResTime" : 9620.0,
    "pct3ResTime" : 9620.0,
    "throughput" : 0.08645470853956383,
    "receivedKBytesPerSec" : 3.293130768150085,
    "sentKBytesPerSec" : 0.08918807884129076
  },
  "POST /index.php(click on I confirm my order)-0" : {
    "transaction" : "POST /index.php(click on I confirm my order)-0",
    "sampleCount" : 12,
    "errorCount" : 0,
    "errorPct" : 0.0,
    "meanResTime" : 5239.666666666667,
    "medianResTime" : 5665.5,
    "minResTime" : 2719.0,
    "maxResTime" : 6605.0,
    "pct1ResTime" : 6590.9,
    "pct2ResTime" : 6605.0,
    "pct3ResTime" : 6605.0,
    "throughput" : 0.06874308988731861,
    "receivedKBytesPerSec" : 0.027121297182106176,
    "sentKBytesPerSec" : 0.06950391835612359
  },
  "GET /-1" : {
    "transaction" : "GET /-1",
    "sampleCount" : 27,
    "errorCount" : 0,
    "errorPct" : 0.0,
    "meanResTime" : 4558.407407407407,
    "medianResTime" : 4599.0,
    "minResTime" : 2485.0,
    "maxResTime" : 6519.0,
    "pct1ResTime" : 6395.0,
    "pct2ResTime" : 6506.2,
    "pct3ResTime" : 6519.0,
    "throughput" : 0.08727865164180841,
    "receivedKBytesPerSec" : 7.013878871373896,
    "sentKBytesPerSec" : 0.03272949436567816
  },
  "POST /index.php(click on I confirm my order)-1" : {
    "transaction" : "POST /index.php(click on I confirm my order)-1",
    "sampleCount" : 12,
    "errorCount" : 0,
    "errorPct" : 0.0,
    "meanResTime" : 4091.583333333334,
    "medianResTime" : 4169.0,
    "minResTime" : 1700.0,
    "maxResTime" : 6083.0,
    "pct1ResTime" : 5837.000000000001,
    "pct2ResTime" : 6083.0,
    "pct3ResTime" : 6083.0,
    "throughput" : 0.07028394714647175,
    "receivedKBytesPerSec" : 1.9448943196660342,
    "sentKBytesPerSec" : 0.07264047271811452
  },
  "GET /-0" : {
    "transaction" : "GET /-0",
    "sampleCount" : 27,
    "errorCount" : 0,
    "errorPct" : 0.0,
    "meanResTime" : 2598.925925925925,
    "medianResTime" : 2502.0,
    "minResTime" : 1309.0,
    "maxResTime" : 3995.0,
    "pct1ResTime" : 3570.2,
    "pct2ResTime" : 3910.1999999999994,
    "pct3ResTime" : 3995.0,
    "throughput" : 0.0873823170554101,
    "receivedKBytesPerSec" : 0.02611229396382372,
    "sentKBytesPerSec" : 0.03200036024978397
  },
  "GET /index.php?controller=order&step=1(click on proceed to checkout again)-1" : {
    "transaction" : "GET /index.php?controller=order&step=1(click on proceed to checkout again)-1",
    "sampleCount" : 24,
    "errorCount" : 0,
    "errorPct" : 0.0,
    "meanResTime" : 4498.333333333334,
    "medianResTime" : 4330.5,
    "minResTime" : 1736.0,
    "maxResTime" : 7536.0,
    "pct1ResTime" : 7412.5,
    "pct2ResTime" : 7522.5,
    "pct3ResTime" : 7536.0,
    "throughput" : 0.09766817238432426,
    "receivedKBytesPerSec" : 4.230455396929557,
    "sentKBytesPerSec" : 0.07833801326659341
  },
  "POST /index.php(enter user details and click on register)" : {
    "transaction" : "POST /index.php(enter user details and click on register)",
    "sampleCount" : 16,
    "errorCount" : 0,
    "errorPct" : 0.0,
    "meanResTime" : 8956.5,
    "medianResTime" : 9248.5,
    "minResTime" : 3449.0,
    "maxResTime" : 14733.0,
    "pct1ResTime" : 14320.0,
    "pct2ResTime" : 14733.0,
    "pct3ResTime" : 14733.0,
    "throughput" : 0.08725146964194179,
    "receivedKBytesPerSec" : 3.4321077058044045,
    "sentKBytesPerSec" : 0.18966969865523675
  },
  "POST /index.php(click on I confirm my order)" : {
    "transaction" : "POST /index.php(click on I confirm my order)",
    "sampleCount" : 12,
    "errorCount" : 0,
    "errorPct" : 0.0,
    "meanResTime" : 9332.333333333334,
    "medianResTime" : 9769.0,
    "minResTime" : 4421.0,
    "maxResTime" : 12122.0,
    "pct1ResTime" : 12011.0,
    "pct2ResTime" : 12122.0,
    "pct3ResTime" : 12122.0,
    "throughput" : 0.06807931239894478,
    "receivedKBytesPerSec" : 1.9107471793180724,
    "sentKBytesPerSec" : 0.13919471392505603
  },
  "POST /index.php(enter email id and click on create and account)" : {
    "transaction" : "POST /index.php(enter email id and click on create and account)",
    "sampleCount" : 22,
    "errorCount" : 5,
    "errorPct" : 22.727272,
    "meanResTime" : 2046.5909090909095,
    "medianResTime" : 2231.5,
    "minResTime" : 1.0,
    "maxResTime" : 4035.0,
    "pct1ResTime" : 3803.5,
    "pct2ResTime" : 4004.0999999999995,
    "pct3ResTime" : 4035.0,
    "throughput" : 0.09202941594786115,
    "receivedKBytesPerSec" : 1.6595974066006007,
    "sentKBytesPerSec" : 0.06144417814594192
  },
  "Total" : {
    "transaction" : "Total",
    "sampleCount" : 485,
    "errorCount" : 9,
    "errorPct" : 1.8556701,
    "meanResTime" : 4998.812371134021,
    "medianResTime" : 4454.0,
    "minResTime" : 1.0,
    "maxResTime" : 16667.0,
    "pct1ResTime" : 9330.6,
    "pct2ResTime" : 10590.699999999999,
    "pct3ResTime" : 13686.339999999993,
    "throughput" : 1.5405188213284038,
    "receivedKBytesPerSec" : 39.91761450263476,
    "sentKBytesPerSec" : 1.4065950533861238
  },
  "POST /index.php(enter user details and click on register)-1" : {
    "transaction" : "POST /index.php(enter user details and click on register)-1",
    "sampleCount" : 16,
    "errorCount" : 0,
    "errorPct" : 0.0,
    "meanResTime" : 5600.5,
    "medianResTime" : 5872.5,
    "minResTime" : 1935.0,
    "maxResTime" : 9345.0,
    "pct1ResTime" : 9090.2,
    "pct2ResTime" : 9345.0,
    "pct3ResTime" : 9345.0,
    "throughput" : 0.08785223254485955,
    "receivedKBytesPerSec" : 3.375061427928225,
    "sentKBytesPerSec" : 0.08479584994289605
  },
  "GET /index.php(choose payment method)" : {
    "transaction" : "GET /index.php(choose payment method)",
    "sampleCount" : 16,
    "errorCount" : 4,
    "errorPct" : 25.0,
    "meanResTime" : 4195.750000000001,
    "medianResTime" : 4693.5,
    "minResTime" : 1.0,
    "maxResTime" : 8179.0,
    "pct1ResTime" : 7854.200000000001,
    "pct2ResTime" : 8179.0,
    "pct3ResTime" : 8179.0,
    "throughput" : 0.08840316262314285,
    "receivedKBytesPerSec" : 2.4412308897225796,
    "sentKBytesPerSec" : 0.061079333550657776
  },
  "POST /index.php(choose shipping option and proceed to checkout)-1" : {
    "transaction" : "POST /index.php(choose shipping option and proceed to checkout)-1",
    "sampleCount" : 16,
    "errorCount" : 0,
    "errorPct" : 0.0,
    "meanResTime" : 5813.375000000001,
    "medianResTime" : 5496.5,
    "minResTime" : 3506.0,
    "maxResTime" : 9321.0,
    "pct1ResTime" : 8686.1,
    "pct2ResTime" : 9321.0,
    "pct3ResTime" : 9321.0,
    "throughput" : 0.08546506348451748,
    "receivedKBytesPerSec" : 3.243457582620679,
    "sentKBytesPerSec" : 0.08108330974141476
  },
  "POST /index.php(enter user details and click on register)-0" : {
    "transaction" : "POST /index.php(enter user details and click on register)-0",
    "sampleCount" : 16,
    "errorCount" : 0,
    "errorPct" : 0.0,
    "meanResTime" : 3355.25,
    "medianResTime" : 3330.5,
    "minResTime" : 925.0,
    "maxResTime" : 6393.0,
    "pct1ResTime" : 6162.0,
    "pct2ResTime" : 6393.0,
    "pct3ResTime" : 6393.0,
    "throughput" : 0.08942444193559204,
    "receivedKBytesPerSec" : 0.08212159139177966,
    "sentKBytesPerSec" : 0.1080800048345089
  },
  "GET /index.php?controller=order&step=1(click on proceed to checkout again)" : {
    "transaction" : "GET /index.php?controller=order&step=1(click on proceed to checkout again)",
    "sampleCount" : 24,
    "errorCount" : 0,
    "errorPct" : 0.0,
    "meanResTime" : 7962.875,
    "medianResTime" : 6796.0,
    "minResTime" : 2857.0,
    "maxResTime" : 12401.0,
    "pct1ResTime" : 12328.0,
    "pct2ResTime" : 12390.25,
    "pct3ResTime" : 12401.0,
    "throughput" : 0.09597389510053266,
    "receivedKBytesPerSec" : 4.205992688738663,
    "sentKBytesPerSec" : 0.1398994473503207
  },
  "POST /index.php(choose shipping option and proceed to checkout)" : {
    "transaction" : "POST /index.php(choose shipping option and proceed to checkout)",
    "sampleCount" : 16,
    "errorCount" : 0,
    "errorPct" : 0.0,
    "meanResTime" : 10991.5625,
    "medianResTime" : 10430.0,
    "minResTime" : 4678.0,
    "maxResTime" : 16667.0,
    "pct1ResTime" : 15224.300000000001,
    "pct2ResTime" : 16667.0,
    "pct3ResTime" : 16667.0,
    "throughput" : 0.08355004125283287,
    "receivedKBytesPerSec" : 3.2552695272112038,
    "sentKBytesPerSec" : 0.1665187406658938
  },
  "POST /index.php(choose shipping option and proceed to checkout)-0" : {
    "transaction" : "POST /index.php(choose shipping option and proceed to checkout)-0",
    "sampleCount" : 16,
    "errorCount" : 0,
    "errorPct" : 0.0,
    "meanResTime" : 5177.5,
    "medianResTime" : 5305.5,
    "minResTime" : 1171.0,
    "maxResTime" : 8252.0,
    "pct1ResTime" : 7793.5,
    "pct2ResTime" : 8252.0,
    "pct3ResTime" : 8252.0,
    "throughput" : 0.08574444938665923,
    "receivedKBytesPerSec" : 0.08670739974598207,
    "sentKBytesPerSec" : 0.08954391656529172
  }
}